model,level,hr,ci_low,ci_high,p,n,n_perc,p_group,hr_ci,y_base,level_label,y_offset,y_plot,deprv_dms
Unadjusted,None,1,NA,NA,NA,68981,NA,p < 0.01 / reference,1.00 (reference),16,None deprivation indicators,0.17,16.17,0
Demography adjusted,None,1,NA,NA,NA,NA,"51,895 (58.19%)",p < 0.01 / reference,1.00 (reference),16,None deprivation indicators,0,16,0
Fully adjusted,None,1,NA,NA,NA,NA,"51,895 (58.19%)",p < 0.01 / reference,1.00 (reference),16,None deprivation indicators,-0.17,15.83,0
Unadjusted,education,2.797604605569811,2.4732685073997094,3.164473046775648,0,9869,NA,p < 0.01 / reference,"2.80 (2.47, 3.16)",15,education deprivation indicators,0.17,15.17,1
Demography adjusted,education,1.737457911822172,1.39940974608565,2.157166622425895,5.615119998969575e-7,NA,"9,869 (11.07%)",p < 0.01 / reference,"1.74 (1.40, 2.16)",15,education deprivation indicators,0,15,1
Fully adjusted,education,1.684960524730784,1.356522137509682,2.092919747784636,2.400784592015981e-6,NA,"9,869 (11.07%)",p < 0.01 / reference,"1.68 (1.36, 2.09)",15,education deprivation indicators,-0.17,14.83,1
Unadjusted,education+employment,4.380275313224198,3.606926160506452,5.3194357094760445,0,2083,NA,p < 0.01 / reference,"4.38 (3.61, 5.32)",10,education+employment deprivation indicators,0.17,10.17,2
Demography adjusted,education+employment,2.950074464691388,2.281708209348873,3.814220990907387,1.110223024625157e-16,NA,"2,083 (2.34%)",p < 0.01 / reference,"2.95 (2.28, 3.81)",10,education+employment deprivation indicators,0,10,2
Fully adjusted,education+employment,2.60762108419731,2.016130631308585,3.372642433559458,2.834399381868025e-13,NA,"2,083 (2.34%)",p < 0.01 / reference,"2.61 (2.02, 3.37)",10,education+employment deprivation indicators,-0.17,9.83,2
Unadjusted,education+employment+health,6.180346597184718,5.17416095409414,7.382198659883003,0,1855,NA,p < 0.01 / reference,"6.18 (5.17, 7.38)",5,education+employment+health deprivation indicators,0.17,5.17,3
Demography adjusted,education+employment+health,4.560063174144645,3.572975302078779,5.819848835812538,0,NA,"1,855 (2.08%)",p < 0.01 / reference,"4.56 (3.57, 5.82)",5,education+employment+health deprivation indicators,0,5,3
Fully adjusted,education+employment+health,3.367383891888631,2.632020711247363,4.308201005750117,0,NA,"1,855 (2.08%)",p < 0.01 / reference,"3.37 (2.63, 4.31)",5,education+employment+health deprivation indicators,-0.17,4.83,3
Unadjusted,education+employment+health+housing,6.930134200590814,4.895923407039703,9.809540723031374,0,388,NA,p < 0.01 / reference,"6.93 (4.90, 9.81)",1,education+employment+health+housing deprivation indicators,0.17,1.17,4
Demography adjusted,education+employment+health+housing,5.141244436998922,3.488774169092785,7.576413112415869,1.110223024625157e-16,NA,388 (0.44%),p < 0.01 / reference,"5.14 (3.49, 7.58)",1,education+employment+health+housing deprivation indicators,0,1,4
Fully adjusted,education+employment+health+housing,3.761780096999118,2.547203521482777,5.555500131352333,2.736721960161503e-11,NA,388 (0.44%),p < 0.01 / reference,"3.76 (2.55, 5.56)",1,education+employment+health+housing deprivation indicators,-0.17,0.83,4
Unadjusted,education+employment+housing,6.206071434285334,4.361670136999477,8.830407031639549,0,413,NA,p < 0.01 / reference,"6.21 (4.36, 8.83)",3,education+employment+housing deprivation indicators,0.17,3.17,3
Demography adjusted,education+employment+housing,4.256732881951273,2.878553846023857,6.294749307300266,3.960165528837933e-13,NA,413 (0.46%),p < 0.01 / reference,"4.26 (2.88, 6.29)",3,education+employment+housing deprivation indicators,0,3,3
Fully adjusted,education+employment+housing,3.205860841469613,2.164332231634186,4.748598013119345,6.176200884056016e-9,NA,413 (0.46%),p < 0.01 / reference,"3.21 (2.16, 4.75)",3,education+employment+housing deprivation indicators,-0.17,2.83,3
Unadjusted,education+health,3.652287085582505,2.893596381845599,4.609903799715394,0,1667,NA,p < 0.01 / reference,"3.65 (2.89, 4.61)",9,education+health deprivation indicators,0.17,9.17,2
Demography adjusted,education+health,2.365697325752797,1.768458829451497,3.164633376740666,6.620854753336403e-9,NA,"1,667 (1.87%)",p < 0.01 / reference,"2.37 (1.77, 3.16)",9,education+health deprivation indicators,0,9,2
Fully adjusted,education+health,1.91246254938424,1.427981761804278,2.561316328141292,1.360088587876174e-5,NA,"1,667 (1.87%)",p < 0.01 / reference,"1.91 (1.43, 2.56)",9,education+health deprivation indicators,-0.17,8.83,2
Unadjusted,education+health+housing,5.958187624336369,3.972157842365259,8.937207728295169,0,319,NA,p < 0.01 / reference,"5.96 (3.97, 8.94)",2,education+health+housing deprivation indicators,0.17,2.17,3
Demography adjusted,education+health+housing,3.836317537451754,2.464578024709725,5.971542430633038,2.59514931766347e-9,NA,319 (0.36%),p < 0.01 / reference,"3.84 (2.46, 5.97)",2,education+health+housing deprivation indicators,0,2,3
Fully adjusted,education+health+housing,3.156953099295214,2.026932070352503,4.916964419738255,3.671591543019659e-7,NA,319 (0.36%),p < 0.01 / reference,"3.16 (2.03, 4.92)",2,education+health+housing deprivation indicators,-0.17,1.83,3
Unadjusted,education+housing,3.928294245408024,3.089541129312793,4.99475327649651,0,1428,NA,p < 0.01 / reference,"3.93 (3.09, 4.99)",8,education+housing deprivation indicators,0.17,8.17,2
Demography adjusted,education+housing,2.347879933533619,1.740275414163796,3.167625157158594,2.322774372842673e-8,NA,"1,428 (1.60%)",p < 0.01 / reference,"2.35 (1.74, 3.17)",8,education+housing deprivation indicators,0,8,2
Fully adjusted,education+housing,2.214567570533085,1.639603121621278,2.991156493778394,2.173408013561584e-7,NA,"1,428 (1.60%)",p < 0.01 / reference,"2.21 (1.64, 2.99)",8,education+housing deprivation indicators,-0.17,7.83,2
Unadjusted,employment,1.756427815890475,1.4092914739115776,2.189070699385603,5.336692486812566e-7,3871,NA,p < 0.01 / reference,"1.76 (1.41, 2.19)",13,employment deprivation indicators,0.17,13.17,1
Demography adjusted,employment,2.529748273748089,1.980808612530878,3.230815076250418,1.033617635926021e-13,NA,"3,871 (4.34%)",p < 0.01 / reference,"2.53 (1.98, 3.23)",13,employment deprivation indicators,0,13,1
Fully adjusted,employment,2.11158502548757,1.651051770451302,2.700576323324233,2.609368277006752e-9,NA,"3,871 (4.34%)",p < 0.01 / reference,"2.11 (1.65, 2.70)",13,employment deprivation indicators,-0.17,12.83,1
Unadjusted,employment+health,3.0280560797997698,2.5220462957161978,3.635588941403056,0,3474,NA,p < 0.01 / reference,"3.03 (2.52, 3.64)",11,employment+health deprivation indicators,0.17,11.17,2
Demography adjusted,employment+health,4.339344769975524,3.493296885331139,5.390298520513235,0,NA,"3,474 (3.90%)",p < 0.01 / reference,"4.34 (3.49, 5.39)",11,employment+health deprivation indicators,0,11,2
Fully adjusted,employment+health,3.386654218289003,2.722968602062827,4.212103946246702,0,NA,"3,474 (3.90%)",p < 0.01 / reference,"3.39 (2.72, 4.21)",11,employment+health deprivation indicators,-0.17,10.83,2
Unadjusted,employment+health+housing,2.91963730294807,2.062634781975597,4.13271513466931,1.506573754639362e-9,899,NA,p < 0.01 / reference,"2.92 (2.06, 4.13)",4,employment+health+housing deprivation indicators,0.17,4.17,3
Demography adjusted,employment+health+housing,3.370462940302722,2.306929388389155,4.924303487193581,3.357079059185253e-10,NA,899 (1.01%),p < 0.01 / reference,"3.37 (2.31, 4.92)",4,employment+health+housing deprivation indicators,0,4,3
Fully adjusted,employment+health+housing,2.700721105833539,1.849544485839619,3.943616683641754,2.69523297680152e-7,NA,899 (1.01%),p < 0.01 / reference,"2.70 (1.85, 3.94)",4,employment+health+housing deprivation indicators,-0.17,3.83,3
Unadjusted,employment+housing,2.0157421759096024,1.2474380862555876,3.257249048678048,0.00419735458202308,664,NA,p < 0.01 / reference,"2.02 (1.25, 3.26)",6,employment+housing deprivation indicators,0.17,6.17,2
Demography adjusted,employment+housing,2.547310301298622,1.549053250922603,4.188874570475488,2.291658581907718e-4,NA,664 (0.74%),p < 0.01 / reference,"2.55 (1.55, 4.19)",6,employment+housing deprivation indicators,0,6,2
Fully adjusted,employment+housing,2.07560211725793,1.262200293320243,3.413185824757649,0.004008076940650085,NA,664 (0.74%),p < 0.01 / reference,"2.08 (1.26, 3.41)",6,employment+housing deprivation indicators,-0.17,5.83,2
Unadjusted,health,1.218769791791695,0.986353060112378,1.5059514340785192,0.0668505845763212,6084,NA,p < 0.10,"1.22 (0.99, 1.51)",14,health deprivation indicators,0.17,14.17,1
Demography adjusted,health,2.325263406933774,1.838643704126001,2.940673007767651,1.872835220240177e-12,NA,"6,084 (6.82%)",p < 0.01 / reference,"2.33 (1.84, 2.94)",14,health deprivation indicators,0,14,1
Fully adjusted,health,2.011603747765852,1.589555524719554,2.545711411206952,5.9749907244111e-9,NA,"6,084 (6.82%)",p < 0.01 / reference,"2.01 (1.59, 2.55)",14,health deprivation indicators,-0.17,13.83,1
Unadjusted,health+housing,1.087577314399664,0.6001037877127876,1.9710330763032793,0.7819888328244136,784,NA,p >= 0.10,"1.09 (0.60, 1.97)",7,health+housing deprivation indicators,0.17,7.17,2
Demography adjusted,health+housing,1.418474962772279,0.771860856449783,2.606779710615787,0.2601931611588358,NA,784 (0.88%),p >= 0.10,"1.42 (0.77, 2.61)",7,health+housing deprivation indicators,0,7,2
Fully adjusted,health+housing,1.207776168267257,0.6570998266915339,2.219941648712556,0.5432813152645831,NA,784 (0.88%),p >= 0.10,"1.21 (0.66, 2.22)",7,health+housing deprivation indicators,-0.17,6.83,2
Unadjusted,housing,1.064007073532439,0.795797549398598,1.4226118858780434,0.6754663479241416,3484,NA,p >= 0.10,"1.06 (0.80, 1.42)",12,housing deprivation indicators,0.17,12.17,1
Demography adjusted,housing,1.630057404046577,1.195120809974769,2.223279118153051,0.002031487376539465,NA,"3,484 (3.91%)",p < 0.01 / reference,"1.63 (1.20, 2.22)",12,housing deprivation indicators,0,12,1
Fully adjusted,housing,1.515297115325912,1.110590404658695,2.067481708902998,0.008751750088940025,NA,"3,484 (3.91%)",p < 0.01 / reference,"1.52 (1.11, 2.07)",12,housing deprivation indicators,-0.17,11.83,1
