Exposure,group,Parameter,Coefficient,SE,CI,CI_low,CI_high,p,frq,sig
Child Sex,c_sex,M,1,NA,NA,NA,NA,NA,54387,NA
Child Sex,c_sex,F,0.9649789281110412,0.041578354671251906,0.95,0.886832984470758,1.0500109355472882,0.40802923178212636,51978,NA
Child ethnicity,c_ethn,White,1,NA,NA,NA,NA,NA,94376,NA
Child ethnicity,c_ethn,Asian,0.3938454013678734,0.07494847067396514,0.95,0.27123316610384396,0.5718850773553057,9.756719315801021e-7,3329,***
Child ethnicity,c_ethn,Black,0.6198422089556691,0.160641098205154,0.95,0.3729751708844027,1.0301070794927554,0.06496358001924063,1136,.
Child ethnicity,c_ethn,Mixed,1.114121699827531,0.14041606545764435,0.95,0.8702683223317811,1.4263039687584609,0.39119881287181546,2776,NA
Child ethnicity,c_ethn,Other,0.5522604309468986,0.12410462781518589,0.95,0.35551742655418106,0.8578808261123966,0.008239409170482492,1698,**
Child ethnicity,c_ethn,Unknown,0.44897801844638074,0.0854480755466689,0.95,0.30919117880147196,0.6519631699372368,2.5807180366377303e-5,3050,***
Child congenital anomalies,c_cgm,No,1,NA,NA,NA,NA,NA,105714,NA
Child congenital anomalies,c_cgm,Yes,1.3637432504547167,0.3320671317307131,0.95,0.8461897363352647,2.1978470942171002,0.20263667714479994,651,NA
Child preterm birth,c_ptb,No,1,NA,NA,NA,NA,NA,98826,NA
Child preterm birth,c_ptb,Yes,1.7592262666513945,0.11916227560976145,0.95,1.5405118363869972,2.008992715391723,1.1102230246251565e-16,7539,***
Child birth weight,c_bw,Normal,1,NA,NA,NA,NA,NA,86312,NA
Child birth weight,c_bw,Low,2.073769483500796,0.1301614748239139,0.95,1.8337252588160138,2.3452367523561763,0,7434,***
Child birth weight,c_bw,Heavy,0.4431152874935356,0.04283426081046833,0.95,0.3666353485414549,0.5355489010855089,0,12619,***
Mother age at birth (category),m_age_cat,30plus,1,NA,NA,NA,NA,NA,44523,NA
Mother age at birth (category),m_age_cat,25-29,1.8803637439010112,0.11644409996938619,0.95,1.6654440507847323,2.1230180669902583,0,30616,***
Mother age at birth (category),m_age_cat,20-24,2.9649929713511822,0.1757833114854705,0.95,2.6397276505166376,3.330337248405659,0,24150,***
Mother age at birth (category),m_age_cat,18-19,4.6700325898195585,0.36418884000355567,0.95,4.00810993128738,5.441269018031097,0,5336,***
Mother age at birth (category),m_age_cat,16-17,5.967669471276721,0.6450546742694007,0.95,4.8283313055538235,7.37585651536463,0,1740,***
Mother ethnicity,m_ethnic,White,1,NA,NA,NA,NA,NA,83804,NA
Mother ethnicity,m_ethnic,Pakistani and other Asian/Asian British,0.6220851395166156,0.1336081446955135,0.95,0.40835067429486155,0.947690172119,0.02709668286970668,1983,*
Mother ethnicity,m_ethnic,Mixed/multiple ethnic groups,1.869949020326756,0.31978247173569646,0.95,1.3374102811446125,2.6145375042491534,2.521594498657853e-4,1063,***
Mother ethnicity,m_ethnic,"Caribbean, African, Black British and other Black",0.8829097735289696,0.2559020874862178,0.95,0.500270084080498,1.5582176368306349,0.6674433732321251,767,NA
Mother ethnicity,m_ethnic,Indian,0.08097865785606694,0.0810059222515272,0.95,0.011399411820284425,0.575252752646525,0.011980314292708849,687,*
Mother ethnicity,m_ethnic,Chinese,0.35928483404500816,0.20764269041369904,0.95,0.11574470160781826,1.11526134830892,0.07652623178914697,464,.
Mother ethnicity,m_ethnic,Arab,0.5053922998376156,0.29208314916760475,0.95,0.16281361508793024,1.5687961759046365,0.23768464315516313,334,NA
Mother ethnicity,m_ethnic,Other ethnic group,0.5770733304116359,0.40832723477717264,0.95,0.14419006130129636,2.3095463422858202,0.4371637739125732,195,NA
Mother eductation,m_edu,Level 4,1,NA,NA,NA,NA,NA,29213,NA
Mother eductation,m_edu,Level 3,2.8564783653492243,0.40850410818122607,0.95,2.1582455967414513,3.78060247824782,2.1471713296250527e-13,14285,***
Mother eductation,m_edu,Apprenticeship,3.7025131293750686,1.4565611170697939,0.95,1.7125200127199478,8.00493037825688,8.76449023970105e-4,662,***
Mother eductation,m_edu,Level 2,5.306888842397372,0.6638935387513673,0.95,4.152927965725067,6.781497155259393,0,17592,***
Mother eductation,m_edu,Level 1,9.990205793283376,1.1974867433830394,0.95,7.898493183833811,12.63585464584895,0,14299,***
Mother eductation,m_edu,Others,4.999265399049227,1.0057873381809317,0.95,3.3701985387063917,7.415781071379829,1.2212453270876722e-15,2442,***
Mother eductation,m_edu,None,21.4210672342089,2.4843376349269044,0.95,17.065610868470642,26.888115813086017,0,10848,***
Mother HH dependent children,m_hh_child_depndt,0,1,NA,NA,NA,NA,NA,21932,NA
Mother HH dependent children,m_hh_child_depndt,1,1.1683083986906337,0.08798629842086522,0.95,1.0079820239723758,1.3541357702709187,0.03887279242083441,33738,*
Mother HH dependent children,m_hh_child_depndt,2,1.3636623911759083,0.10864949636796079,0.95,1.1665075938256033,1.5941388868366069,9.901159018776973e-5,21267,***
Mother HH dependent children,m_hh_child_depndt,3+,2.49236940902134,0.19668828064068353,0.95,2.1352013497098845,2.9092831324171886,0,12254,***
Mother HH adults,m_hh_adult,2,1,NA,NA,NA,NA,NA,63014,NA
Mother HH adults,m_hh_adult,0/1,3.5387927744310774,0.19228773094667065,0.95,3.1812903631534954,3.936470070576004,0,14854,***
Mother HH adults,m_hh_adult,3+,1.437749178611139,0.11699189135726847,0.95,1.225799760070454,1.6863461455386441,8.120322688376369e-6,11309,***
Mother marital status,m_mar_status,Married,1,NA,NA,NA,NA,NA,36953,NA
Mother marital status,m_mar_status,Single,4.721542624165477,0.3524414425927421,0.95,4.078924194191986,5.465403054941437,0,47175,***
Mother marital status,m_mar_status,Divorced,3.0813687612581386,0.47366836357415726,0.95,2.279800661815301,4.164764754168119,2.462474668618597e-13,3045,***
Mother marital status,m_mar_status,Separated,4.903812243534064,0.7779967172940909,0.95,3.593267176377797,6.6923424670234555,0,1790,***
Mother marital status,m_mar_status,Widowed,3.74470948493814,2.1773991565346495,0.95,1.1980595218478505,11.704634762183817,0.02316279189892656,142,*
Mother marital status,m_mar_status,Married (Same-sex),12.161038131474363,3.936170833875858,0.95,6.448544679576532,22.933988331284272,1.176836406102666e-14,150,***
Mother marital status,m_mar_status,Widowed (same-sex),4.3084896808153756e-5,0.013991099849642427,0.95,1.6628618597824523e-281,11163334597210826e256,0.9753048885154086,38,NA
Mother marital status,m_mar_status,Separated (same-sex),5.767906359586965,5.781628250664116,0.95,0.8087078211240089,41.13815015010503,0.08043800445440186,31,.
Mother marital status,m_mar_status,Divorced (same-sex),11.550690908367155,11.57816650990219,0.95,1.6195026691892314,82.38236527725435,0.014649129039046471,17,*
Mother family status,m_fam_status,Married couple,1,NA,NA,NA,NA,NA,28735,NA
Mother family status,m_fam_status,Cohabiting couple,3.2675934019310793,0.29674365900648364,0.95,2.734808247868561,3.904173774766488,0,20312,***
Mother family status,m_fam_status,Lone parent,6.935355401346846,0.5959688472759791,0.95,5.860346354932382,8.207561742917813,0,14952,***
Mother family status,m_fam_status,Same-sex civil partnership,3.6635775703949524e-5,0.01729157414481571,0.95,0,Inf,0.9827339294703742,20,NA
Mother family status,m_fam_status,Does not have children,2.6209071016819965,0.24110433509212625,0.95,2.1885037481169696,3.1387444693926048,0,25078,***
Mother family status,m_fam_status,Living in a Communal Establishment,5.968911502303565,2.707521446096476,0.95,2.4535042412468626,14.52123209056522,8.195819224476875e-5,147,***
Mother length of UK stay,m_uk_stay_len,UK-born,1,NA,NA,NA,NA,NA,81336,NA
Mother length of UK stay,m_uk_stay_len,10+ yrs,0.4640462314752571,0.10713041725703201,0.95,0.29515596869305943,0.7295766570464463,8.820372721273229e-4,2196,***
Mother length of UK stay,m_uk_stay_len,5 - <10 yrs,0.3318845485423219,0.083411818369752,0.95,0.20279461085139305,0.5431473405467183,1.1410173482495622e-5,2571,***
Mother length of UK stay,m_uk_stay_len,<5 yrs,0.4216083094101307,0.08502012811193455,0.95,0.2839609969354478,0.6259788086463045,1.8445986277537685e-5,3194,***
Mother HH deprivation count,m_hh_deprv_no,0,1,NA,NA,NA,NA,NA,51909,NA
Mother HH deprivation count,m_hh_deprv_no,1,4.579869829974261,0.3301548094076016,0.95,3.9764131689543665,5.274906496958436,0,23308,***
Mother HH deprivation count,m_hh_deprv_no,2,7.785703674734004,0.595135954658197,0.95,6.702431405705703,9.044058497810786,0,10100,***
Mother HH deprivation count,m_hh_deprv_no,3,12.472569409069584,1.1038432904950648,0.95,10.486321453298002,14.835038994072836,0,3486,***
Mother HH deprivation count,m_hh_deprv_no,4,16.279777567113847,2.9924569177077807,0.95,11.354954508866413,23.340574145652106,0,388,***
Mother HH deprivation dimensions,m_hh_deprv_dms,None,1,NA,NA,NA,NA,NA,68981,NA
Mother HH deprivation dimensions,m_hh_deprv_dms,education,2.797604605569811,0.17588548590092615,0.95,2.4732685073997094,3.164473046775648,0,9869,***
Mother HH deprivation dimensions,m_hh_deprv_dms,health,1.218769791791695,0.13156917500469478,0.95,0.9863530601123781,1.5059514340785192,0.0668505845763212,6084,.
Mother HH deprivation dimensions,m_hh_deprv_dms,employment,1.756427815890475,0.1973284507159947,0.95,1.4092914739115776,2.189070699385603,5.336692486812566e-7,3871,***
Mother HH deprivation dimensions,m_hh_deprv_dms,housing,1.064007073532439,0.15767815954235032,0.95,0.795797549398598,1.4226118858780434,0.6754663479241416,3484,NA
Mother HH deprivation dimensions,m_hh_deprv_dms,employment+health,3.0280560797997698,0.28249541878124285,0.95,2.5220462957161978,3.6355889414030558,0,3474,***
Mother HH deprivation dimensions,m_hh_deprv_dms,education+employment,4.380275313224198,0.43413717265216517,0.95,3.606926160506452,5.3194357094760445,0,2083,***
Mother HH deprivation dimensions,m_hh_deprv_dms,education+health,3.6522870855825045,0.4339097765977666,0.95,2.893596381845599,4.609903799715394,0,1667,***
Mother HH deprivation dimensions,m_hh_deprv_dms,education+housing,3.9282942454080243,0.48139067952169035,0.95,3.089541129312793,4.99475327649651,0,1428,***
Mother HH deprivation dimensions,m_hh_deprv_dms,health+housing,1.087577314399664,0.32994441174043576,0.95,0.6001037877127876,1.9710330763032793,0.7819888328244136,784,NA
Mother HH deprivation dimensions,m_hh_deprv_dms,employment+housing,2.0157421759096024,0.4935527792639982,0.95,1.2474380862555876,3.257249048678048,0.004197354582023083,664,**
Mother HH deprivation dimensions,m_hh_deprv_dms,education+employment+health,6.180346597184718,0.5603317507266198,0.95,5.17416095409414,7.382198659883003,0,1855,***
Mother HH deprivation dimensions,m_hh_deprv_dms,employment+health+housing,2.91963730294807,0.517612362684184,0.95,2.062634781975597,4.13271513466931,1.506573754639362e-9,899,***
Mother HH deprivation dimensions,m_hh_deprv_dms,education+employment+housing,6.206071434285334,1.1167113560500768,0.95,4.361670136999477,8.830407031639549,0,413,***
Mother HH deprivation dimensions,m_hh_deprv_dms,education+health+housing,5.958187624336369,1.2325675723007232,0.95,3.9721578423652595,8.937207728295169,0,319,***
Mother HH deprivation dimensions,m_hh_deprv_dms,education+employment+health+housing,6.930134200590814,1.228623204644819,0.95,4.895923407039703,9.809540723031374,0,388,***
Mother Townsend 2011 quintile,m_twns2011,1 - Least deprived,1,NA,NA,NA,NA,NA,13809,NA
Mother Townsend 2011 quintile,m_twns2011,2,1.647853056769034,0.22677142943269868,0.95,1.2582857572952055,2.1580310203463475,2.840112866779876e-4,19108,***
Mother Townsend 2011 quintile,m_twns2011,3,3.202194877514129,0.3924046461195862,0.95,2.5184856364845576,4.071514994975673,0,30763,***
Mother Townsend 2011 quintile,m_twns2011,4,5.3188607782810795,0.6390396980600461,0.95,4.202910926765855,6.731115760406135,0,27111,***
Mother Townsend 2011 quintile,m_twns2011,5 - Most deprived,7.30190998365119,0.8909537113514644,0.95,5.748781694539957,9.274641522739481,0,14657,***
Mother alcohol problems,m_alc,never,1,NA,NA,NA,NA,NA,105648,NA
Mother alcohol problems,m_alc,pre-pregnancy,6.880634848984392,0.7747757742331145,0.95,5.517993717681064,8.579773437102501,0,657,***
Mother alcohol problems,m_alc,pregnancy,7.405490365337308,2.6233025050896734,0.95,3.6985057798771104,14.827957779459224,1.584061193327102e-8,60,***
Mother learning difficulties/disabilities,m_lrn,No,1,NA,NA,NA,NA,NA,106057,NA
Mother learning difficulties/disabilities,m_lrn,Yes,1.9662983155902083,0.5692074038485584,0.95,1.1149159453070911,3.467821123347512,0.01950502480212335,308,*
Mother mental health issues,m_mnt,never,1,NA,NA,NA,NA,NA,81939,NA
Mother mental health issues,m_mnt,pre-pregnancy,2.468895888411719,0.11489782042510939,0.95,2.2536654178224786,2.7046813868696598,0,20542,***
Mother mental health issues,m_mnt,pregnancy,3.5044253564478733,0.2691343606346143,0.95,3.014712301380349,4.073687918177696,0,3884,***
Mother substance use,m_sbm,never,1,NA,NA,NA,NA,NA,104959,NA
Mother substance use,m_sbm,pre-pregnancy,8.151865061491579,0.6928278873558478,0.95,6.901019769487562,9.62943248975819,0,1077,***
Mother substance use,m_sbm,pregnancy,9.55056025765078,1.3419693413913203,0.95,7.251447833409734,12.57861923997718,0,329,***
Mother smoking,m_smk,Non,1,NA,NA,NA,NA,NA,61855,NA
Mother smoking,m_smk,Ex,1.538808661325752,0.14041263299969448,0.95,1.2868102286260774,1.8401564142829239,2.318153095592912e-6,10389,***
Mother smoking,m_smk,Smk,5.495256705170407,0.2738325737982462,0.95,4.9839307906460455,6.059042054194718,0,25254,***
Mother smoking,m_smk,Unknown,1.6410489074343524,0.1557097396791845,0.95,1.362560770538498,1.9764560780119655,1.785194772008225e-7,8867,***
