Name,Model,AIC,AIC_wt,AICc,AICc_wt,BIC,BIC_wt,R2_Nagelkerke,RMSE,Sigma
c_sex,coxph,49660.51809920305,0,49660.51813681011,0,49670.092731057455,0,1.7259220557875927e-5,0.1424375152536217,0
c_ethn,coxph,49602.01970389247,0,49602.02026801962,0,49649.892863164496,0,0.0016926509754590763,0.14244058466961199,0
c_cgm,coxph,49659.733163060206,0,49659.733200667266,0,49669.30779491461,0,3.7041379376298077e-05,0.14243760834352232,0
c_ptb,coxph,49601.01791485664,0,49601.0179524637,0,49610.59254671104,0,0.00151638407797721,0.1424460159437866,0
c_bw,coxph,49436.61503419863,0,49436.61514702088,0,49455.764297907444,0,0.005704504738510111,0.14245882769991933,0
m_age_cat,coxph,49050.06790518085,0,49050.06828126208,0,49088.36643259847,0,0.015508316515485612,0.14245197841051707,0
m_ethnic,coxph,35394.78453704032,3.1047763374335447e-303,35394.78579139416,3.1042888290318884e-303,35460.58259924205,2.8284479282936385e-305,0.0014283808810535664,0.13229964428114666,0
m_edu,coxph,34001.68385404545,0.9999999999997513,34001.684794336936,0.9999999999997513,34058.08514877367,0.9999999969825681,0.04865507050437826,0.13234406720325226,0
m_hh_child_depndt,coxph,35151.179875338305,2.4553335119054418e-250,35151.18014443582,2.4561576527127228e-250,35179.375481588155,3.272637649110225e-244,0.0055205191680440914,0.13217425549472656,0
m_hh_adult,coxph,34820.46247805371,1.6013300237941788e-178,34820.46261262208,1.601975268066633e-178,34839.25923492928,2.345322052208956e-170,0.016739266178537906,0.13222063250363705,0
m_mar_status,coxph,34818.07258330185,5.289807864701513e-178,34818.07419526621,5.288031652767749e-178,34893.27430960615,4.3749999380898105e-182,0.021193320411538465,0.13227159008168732,0
m_fam_status,coxph,34751.36069684375,1.620846848871495e-163,34751.36136920306,1.6210640019290948e-163,34798.35634419621,1.7871144102216784e-161,0.022389456805246555,0.13232810443839285,0
m_uk_stay_len,coxph,35364.13906707326,1.4015531468822737e-296,35364.13933585132,1.4020238067665414e-296,35392.338236588286,1.8647613043276172e-290,0.002202375444666956,0.13230419092394172,0
m_hh_deprv_no,coxph,34059.728726579764,2.4872307469615156e-13,34059.72917508065,2.4878424205184617e-13,34097.32286824623,3.017431876667492e-9,0.04272793356110001,0.13223463718481382,0
m_hh_deprv_dms,coxph,48832.38531791428,0,48832.389835688904,0,48975.99040439793,0,0.021406792103447536,0.14252050274789582,0
m_twns2011,coxph,48717.6787861436,0,48717.67916549548,0,48755.94267902117,0,0.017225154088614365,0.14275043517436609,0
m_alc,coxph,49471.681485676585,0,49471.681598498835,0,49490.8307493854,0,0.004822477503031809,0.14250576802546147,0
m_lrn,coxph,49656.785740918735,0,49656.785778525795,0,49666.36037277314,0,1.1132175295967813e-4,0.14243888914852265,0
m_mnt,coxph,49184.732018880044,0,49184.732131702294,0,49203.88128258886,0,0.012031584990881814,0.14246811181938832,0
m_sbm,coxph,49173.241260994255,0,49173.241373816505,0,49192.39052470307,0,0.012319865544187646,0.1426741107894673,0
m_smk,coxph,48337.99756307735,0,48337.997788723966,0,48366.72145864057,0,0.03324108355297026,0.14250719956031355,0
