var_x,var_y,x_type,y_type,estimate,method,method_label,rationale,statistic,p.value,p_method,null_hypothesis,p_interpretation,ci_lower,ci_upper,conf_level,ci_method,ci_source,n,n_complete
CPR registration,Child sex,categorical,categorical,0.0024762821203730824,cramers_v,Cramer's V,Both variables are categorical. Cramer's V selected as the standard symmetric measure of nominal association.,0.6522273230020003,0.41931747733919555,Pearson chi-square test of independence,variables are independent,Small p-values indicate evidence that the variables are not independent.,0,0.008476665812612843,0.95,analytic,Noncentral chi-square pivot,106365,106365
CPR registration,Child ethnicity,categorical,categorical,0.023157284338895273,cramers_v,Cramer's V,Both variables are categorical. Cramer's V selected as the standard symmetric measure of nominal association.,57.039275536511745,4.9635669348252954e-11,Pearson chi-square test of independence,variables are independent,Small p-values indicate evidence that the variables are not independent.,0.01617812294066958,0.02843353166374267,0.95,analytic,Noncentral chi-square pivot,106365,106365
CPR registration,Mother age at birth,categorical,categorical,0.08063910223309034,cramers_v,Cramer's V,Both variables are categorical. Cramer's V selected as the standard symmetric measure of nominal association.,691.6559424049022,2.233235559542817e-148,Pearson chi-square test of independence,variables are independent,Small p-values indicate evidence that the variables are not independent.,0.0744474511477266,0.08647986760465655,0.95,analytic,Noncentral chi-square pivot,106365,106365
CPR registration,Mother education,categorical,categorical,0.13646939044916948,cramers_v,Cramer's V,Both variables are categorical. Cramer's V selected as the standard symmetric measure of nominal association.,1663.877361166123,0,Pearson chi-square test of independence,variables are independent,Small p-values indicate evidence that the variables are not independent.,0.12970179827461986,0.14282622005517479,0.95,analytic,Noncentral chi-square pivot,106365,89341
CPR registration,"Mother HH dependent
children",categorical,categorical,0.048251006364893635,cramers_v,Cramer's V,Both variables are categorical. Cramer's V selected as the standard symmetric measure of nominal association.,207.65088424153353,9.372747599642042e-45,Pearson chi-square test of independence,variables are independent,Small p-values indicate evidence that the variables are not independent.,0.041437503469530755,0.05459531329379005,0.95,analytic,Noncentral chi-square pivot,106365,89191
CPR registration,Mother HH adults,categorical,categorical,0.08251994473170599,cramers_v,Cramer's V,Both variables are categorical. Cramer's V selected as the standard symmetric measure of nominal association.,607.2544625949179,1.368891074986946e-132,Pearson chi-square test of independence,variables are independent,Small p-values indicate evidence that the variables are not independent.,0.07588579994387147,0.08901781634437865,0.95,analytic,Noncentral chi-square pivot,106365,89177
CPR registration,Mother marital status,categorical,categorical,0.07789438483963376,cramers_v,Cramer's V,Both variables are categorical. Cramer's V selected as the standard symmetric measure of nominal association.,542.0796613691369,6.526209977840499e-112,Pearson chi-square test of independence,variables are independent,Small p-values indicate evidence that the variables are not independent.,0.07080966181327648,0.08396721048778369,0.95,analytic,Noncentral chi-square pivot,106365,89341
CPR registration,"Mother HH deprivation
dimensions",categorical,categorical,0.10325474920850926,cramers_v,Cramer's V,Both variables are categorical. Cramer's V selected as the standard symmetric measure of nominal association.,1132.9275686864587,4.13422071944295e-232,Pearson chi-square test of independence,variables are independent,Small p-values indicate evidence that the variables are not independent.,0.0965826073538497,0.10864530024454538,0.95,analytic,Noncentral chi-square pivot,106365,106263
CPR registration,"Mother HH deprivation
count",categorical,categorical,0.1272448309785355,cramers_v,Cramer's V,Both variables are categorical. Cramer's V selected as the standard symmetric measure of nominal association.,1444.1135121363448,1.878917048506e-311,Pearson chi-square test of independence,variables are independent,Small p-values indicate evidence that the variables are not independent.,0.1205462622935533,0.13367865701170797,0.95,analytic,Noncentral chi-square pivot,106365,89191
CPR registration,Child congenital anomalies,categorical,categorical,0.0032422605871958404,cramers_v,Cramer's V,Both variables are categorical. Cramer's V selected as the standard symmetric measure of nominal association.,1.1181358664261312,0.29032020445178125,Pearson chi-square test of independence,variables are independent,Small p-values indicate evidence that the variables are not independent.,0,0.009250695409839225,0.95,analytic,Noncentral chi-square pivot,106365,106365
CPR registration,Child preterm birth,categorical,categorical,0.02417801255885239,cramers_v,Cramer's V,Both variables are categorical. Cramer's V selected as the standard symmetric measure of nominal association.,62.17845722370158,3.1370092639459353e-15,Pearson chi-square test of independence,variables are independent,Small p-values indicate evidence that the variables are not independent.,0.018168373150369864,0.030187656672549648,0.95,analytic,Noncentral chi-square pivot,106365,106365
CPR registration,Child birth weight,categorical,categorical,0.0459955881463053,cramers_v,Cramer's V,Both variables are categorical. Cramer's V selected as the standard symmetric measure of nominal association.,225.02516952305876,1.3690058167188708e-49,Pearson chi-square test of independence,variables are independent,Small p-values indicate evidence that the variables are not independent.,0.03987618234672382,0.0519090225453216,0.95,analytic,Noncentral chi-square pivot,106365,106365
CPR registration,Mother alcohol problems,categorical,categorical,0.061506306705819504,cramers_v,Cramer's V,Both variables are categorical. Cramer's V selected as the standard symmetric measure of nominal association.,402.3815354506512,4.2068765412628953e-88,Pearson chi-square test of independence,variables are independent,Small p-values indicate evidence that the variables are not independent.,0.05541614313249595,0.0674429622118062,0.95,analytic,Noncentral chi-square pivot,106365,106365
CPR registration,"Mother learning
difficulties/disabilities",categorical,categorical,0.007137245671309761,cramers_v,Cramer's V,Both variables are categorical. Cramer's V selected as the standard symmetric measure of nominal association.,5.418262432555782,0.01992718149200629,Pearson chi-square test of independence,variables are independent,Small p-values indicate evidence that the variables are not independent.,8.712996328596636e-4,0.013146895714393954,0.95,analytic,Noncentral chi-square pivot,106365,106365
CPR registration,"Mother mental health
issues",categorical,categorical,0.07288506544494268,cramers_v,Cramer's V,Both variables are categorical. Cramer's V selected as the standard symmetric measure of nominal association.,565.0356380400327,2.0140495932557314e-123,Pearson chi-square test of independence,variables are independent,Small p-values indicate evidence that the variables are not independent.,0.06680805613416578,0.07883269261040168,0.95,analytic,Noncentral chi-square pivot,106365,106365
CPR registration,Mother substance use,categorical,categorical,0.10093347262603407,cramers_v,Cramer's V,Both variables are categorical. Cramer's V selected as the standard symmetric measure of nominal association.,1083.6004465653068,5.002104200178034e-236,Pearson chi-square test of independence,variables are independent,Small p-values indicate evidence that the variables are not independent.,0.09487579167922158,0.10689786057826185,0.95,analytic,Noncentral chi-square pivot,106365,106365
CPR registration,Mother smoking,categorical,categorical,0.12163597634466486,cramers_v,Cramer's V,Both variables are categorical. Cramer's V selected as the standard symmetric measure of nominal association.,1573.7032270004881,0,Pearson chi-square test of independence,variables are independent,Small p-values indicate evidence that the variables are not independent.,0.11554702896879017,0.12757014568001276,0.95,analytic,Noncentral chi-square pivot,106365,106365
Child sex,Child ethnicity,categorical,categorical,0.006686073935921975,cramers_v,Cramer's V,Both variables are categorical. Cramer's V selected as the standard symmetric measure of nominal association.,4.7548967841281735,0.4465191509593236,Pearson chi-square test of independence,variables are independent,Small p-values indicate evidence that the variables are not independent.,0,0.01040113346494249,0.95,analytic,Noncentral chi-square pivot,106365,106365
Child sex,Mother age at birth,categorical,categorical,0.005135125223934468,cramers_v,Cramer's V,Both variables are categorical. Cramer's V selected as the standard symmetric measure of nominal association.,2.804793044480633,0.5910056319038548,Pearson chi-square test of independence,variables are independent,Small p-values indicate evidence that the variables are not independent.,0,0.00901557979611339,0.95,analytic,Noncentral chi-square pivot,106365,106365
Child sex,Mother education,categorical,categorical,0.004786621142711801,cramers_v,Cramer's V,Both variables are categorical. Cramer's V selected as the standard symmetric measure of nominal association.,2.046957938792826,0.9153295874341338,Pearson chi-square test of independence,variables are independent,Small p-values indicate evidence that the variables are not independent.,0,0.0059696912944834915,0.95,analytic,Noncentral chi-square pivot,106365,89341
Child sex,"Mother HH dependent
children",categorical,categorical,0.004944301467117706,cramers_v,Cramer's V,Both variables are categorical. Cramer's V selected as the standard symmetric measure of nominal association.,2.180373621145634,0.5358244945530859,Pearson chi-square test of independence,variables are independent,Small p-values indicate evidence that the variables are not independent.,0,0.009855386169257796,0.95,analytic,Noncentral chi-square pivot,106365,89191
Child sex,Mother HH adults,categorical,categorical,0.004861843808333556,cramers_v,Cramer's V,Both variables are categorical. Cramer's V selected as the standard symmetric measure of nominal association.,2.107923586243532,0.34855411079783283,Pearson chi-square test of independence,variables are independent,Small p-values indicate evidence that the variables are not independent.,0,0.010630492813666627,0.95,analytic,Noncentral chi-square pivot,106365,89177
Child sex,Mother marital status,categorical,categorical,0.0104725127201721,cramers_v,Cramer's V,Both variables are categorical. Cramer's V selected as the standard symmetric measure of nominal association.,9.798342189232706,0.2794659629473274,Pearson chi-square test of independence,variables are independent,Small p-values indicate evidence that the variables are not independent.,0,0.01372940881448687,0.95,analytic,Noncentral chi-square pivot,106365,89341
Child sex,"Mother HH deprivation
dimensions",categorical,categorical,0.010702991664156352,cramers_v,Cramer's V,Both variables are categorical. Cramer's V selected as the standard symmetric measure of nominal association.,12.172854949716106,0.6659009215090107,Pearson chi-square test of independence,variables are independent,Small p-values indicate evidence that the variables are not independent.,0,0.01051149605189754,0.95,analytic,Noncentral chi-square pivot,106365,106263
Child sex,"Mother HH deprivation
count",categorical,categorical,0.005769388527868638,cramers_v,Cramer's V,Both variables are categorical. Cramer's V selected as the standard symmetric measure of nominal association.,2.9687977109109314,0.5630605349859019,Pearson chi-square test of independence,variables are independent,Small p-values indicate evidence that the variables are not independent.,0,0.010069258144136608,0.95,analytic,Noncentral chi-square pivot,106365,89191
Child sex,Child congenital anomalies,categorical,categorical,0.008229902631264684,cramers_v,Cramer's V,Both variables are categorical. Cramer's V selected as the standard symmetric measure of nominal association.,7.204239439452156,0.007273156524306055,Pearson chi-square test of independence,variables are independent,Small p-values indicate evidence that the variables are not independent.,0.0022026390443905487,0.01423953907822164,0.95,analytic,Noncentral chi-square pivot,106365,106365
Child sex,Child preterm birth,categorical,categorical,0.019724490788108093,cramers_v,Cramer's V,Both variables are categorical. Cramer's V selected as the standard symmetric measure of nominal association.,41.38189217706737,1.252118910725792e-10,Pearson chi-square test of independence,variables are independent,Small p-values indicate evidence that the variables are not independent.,0.013714847201404172,0.025734130098672366,0.95,analytic,Noncentral chi-square pivot,106365,106365
Child sex,Child birth weight,categorical,categorical,0.08467697918596787,cramers_v,Cramer's V,Both variables are categorical. Cramer's V selected as the standard symmetric measure of nominal association.,762.6573448739308,2.4607175638843947e-166,Pearson chi-square test of independence,variables are independent,Small p-values indicate evidence that the variables are not independent.,0.0786097175568608,0.09063296273749805,0.95,analytic,Noncentral chi-square pivot,106365,106365
Child sex,Mother alcohol problems,categorical,categorical,0.0012793080438534552,cramers_v,Cramer's V,Both variables are categorical. Cramer's V selected as the standard symmetric measure of nominal association.,0.17408005114416422,0.9166404058422549,Pearson chi-square test of independence,variables are independent,Small p-values indicate evidence that the variables are not independent.,0,0.004863129966727242,0.95,analytic,Noncentral chi-square pivot,106365,106365
Child sex,"Mother learning
difficulties/disabilities",categorical,categorical,0.007171218166308881,cramers_v,Cramer's V,Both variables are categorical. Cramer's V selected as the standard symmetric measure of nominal association.,5.469965843858553,0.019346003649072047,Pearson chi-square test of independence,variables are independent,Small p-values indicate evidence that the variables are not independent.,9.284931177008192e-4,0.013180870098951277,0.95,analytic,Noncentral chi-square pivot,106365,106365
Child sex,"Mother mental health
issues",categorical,categorical,0.004322155564158553,cramers_v,Cramer's V,Both variables are categorical. Cramer's V selected as the standard symmetric measure of nominal association.,1.987007619886481,0.37027703512062304,Pearson chi-square test of independence,variables are independent,Small p-values indicate evidence that the variables are not independent.,0,0.00958661015229923,0.95,analytic,Noncentral chi-square pivot,106365,106365
Child sex,Mother substance use,categorical,categorical,0.004010575901622972,cramers_v,Cramer's V,Both variables are categorical. Cramer's V selected as the standard symmetric measure of nominal association.,1.710851143101843,0.42510224116136464,Pearson chi-square test of independence,variables are independent,Small p-values indicate evidence that the variables are not independent.,0,0.009228290377869777,0.95,analytic,Noncentral chi-square pivot,106365,106365
Child sex,Mother smoking,categorical,categorical,0.005461676623407231,cramers_v,Cramer's V,Both variables are categorical. Cramer's V selected as the standard symmetric measure of nominal association.,3.172858540810955,0.3657339366602328,Pearson chi-square test of independence,variables are independent,Small p-values indicate evidence that the variables are not independent.,0,0.010188388159462857,0.95,analytic,Noncentral chi-square pivot,106365,106365
Child ethnicity,Mother age at birth,categorical,categorical,0.0318979086325697,cramers_v,Cramer's V,Both variables are categorical. Cramer's V selected as the standard symmetric measure of nominal association.,432.8955836555606,2.9832401727043827e-79,Pearson chi-square test of independence,variables are independent,Small p-values indicate evidence that the variables are not independent.,0.028148187305747495,0.034226826350937385,0.95,analytic,Noncentral chi-square pivot,106365,106365
Child ethnicity,Mother education,categorical,categorical,0.10157894741940478,cramers_v,Cramer's V,Both variables are categorical. Cramer's V selected as the standard symmetric measure of nominal association.,4609.228410444031,0,Pearson chi-square test of independence,variables are independent,Small p-values indicate evidence that the variables are not independent.,0.09832164985697825,0.10419592645553316,0.95,analytic,Noncentral chi-square pivot,106365,89341
Child ethnicity,"Mother HH dependent
children",categorical,categorical,0.032404133269016935,cramers_v,Cramer's V,Both variables are categorical. Cramer's V selected as the standard symmetric measure of nominal association.,280.95910268834916,4.992041719627951e-51,Pearson chi-square test of independence,variables are independent,Small p-values indicate evidence that the variables are not independent.,0.027743053608759855,0.03542074637698898,0.95,analytic,Noncentral chi-square pivot,106365,89191
Child ethnicity,Mother HH adults,categorical,categorical,0.07024604373722619,cramers_v,Cramer's V,Both variables are categorical. Cramer's V selected as the standard symmetric measure of nominal association.,880.0890009682478,1.2269687079407551e-182,Pearson chi-square test of independence,variables are independent,Small p-values indicate evidence that the variables are not independent.,0.06523238772625196,0.0745382948123624,0.95,analytic,Noncentral chi-square pivot,106365,89177
Child ethnicity,Mother marital status,categorical,categorical,0.08261523674104189,cramers_v,Cramer's V,Both variables are categorical. Cramer's V selected as the standard symmetric measure of nominal association.,3048.8855149591195,0,Pearson chi-square test of independence,variables are independent,Small p-values indicate evidence that the variables are not independent.,0.07914290137299206,0.08502688020201839,0.95,analytic,Noncentral chi-square pivot,106365,89341
Child ethnicity,"Mother HH deprivation
dimensions",categorical,categorical,0.043027451419832025,cramers_v,Cramer's V,Both variables are categorical. Cramer's V selected as the standard symmetric measure of nominal association.,983.6561755856096,2.1538022134015968e-158,Pearson chi-square test of independence,variables are independent,Small p-values indicate evidence that the variables are not independent.,0.038631444797664734,0.04411779854168394,0.95,analytic,Noncentral chi-square pivot,106365,106263
Child ethnicity,"Mother HH deprivation
count",categorical,categorical,0.04471277321698492,cramers_v,Cramer's V,Both variables are categorical. Cramer's V selected as the standard symmetric measure of nominal association.,713.2540369120624,3.4680671957951985e-138,Pearson chi-square test of independence,variables are independent,Small p-values indicate evidence that the variables are not independent.,0.04080810161080279,0.04741578659303418,0.95,analytic,Noncentral chi-square pivot,106365,89191
Child ethnicity,Child congenital anomalies,categorical,categorical,0.010725301274276795,cramers_v,Cramer's V,Both variables are categorical. Cramer's V selected as the standard symmetric measure of nominal association.,12.235387978854126,0.031700963392232315,Pearson chi-square test of independence,variables are independent,Small p-values indicate evidence that the variables are not independent.,0,0.015256461383962435,0.95,analytic,Noncentral chi-square pivot,106365,106365
Child ethnicity,Child preterm birth,categorical,categorical,0.014223863181905303,cramers_v,Cramer's V,Both variables are categorical. Cramer's V selected as the standard symmetric measure of nominal association.,21.519584258254906,6.459392676189499e-4,Pearson chi-square test of independence,variables are independent,Small p-values indicate evidence that the variables are not independent.,0.006259174257641666,0.019089069541697513,0.95,analytic,Noncentral chi-square pivot,106365,106365
Child ethnicity,Child birth weight,categorical,categorical,0.02353851694318539,cramers_v,Cramer's V,Both variables are categorical. Cramer's V selected as the standard symmetric measure of nominal association.,117.86556243485644,1.3709008877186335e-20,Pearson chi-square test of independence,variables are independent,Small p-values indicate evidence that the variables are not independent.,0.018270508837111513,0.026947543239567995,0.95,analytic,Noncentral chi-square pivot,106365,106365
Child ethnicity,Mother alcohol problems,categorical,categorical,0.013631845464528128,cramers_v,Cramer's V,Both variables are categorical. Cramer's V selected as the standard symmetric measure of nominal association.,39.53102254684174,2.0488555454763965e-5,Pearson chi-square test of independence,variables are independent,Small p-values indicate evidence that the variables are not independent.,0.00729415070970258,0.016465978227693828,0.95,analytic,Noncentral chi-square pivot,106365,106365
Child ethnicity,"Mother learning
difficulties/disabilities",categorical,categorical,0.011099711961306234,cramers_v,Cramer's V,Both variables are categorical. Cramer's V selected as the standard symmetric measure of nominal association.,13.104551512193005,0.022418460403709425,Pearson chi-square test of independence,variables are independent,Small p-values indicate evidence that the variables are not independent.,0.0010026967386619226,0.015676274532080422,0.95,analytic,Noncentral chi-square pivot,106365,106365
Child ethnicity,"Mother mental health
issues",categorical,categorical,0.059910539671418475,cramers_v,Cramer's V,Both variables are categorical. Cramer's V selected as the standard symmetric measure of nominal association.,763.5459950262848,1.4114503897432902e-157,Pearson chi-square test of independence,variables are independent,Small p-values indicate evidence that the variables are not independent.,0.055293568159859786,0.06381787571850532,0.95,analytic,Noncentral chi-square pivot,106365,106365
Child ethnicity,Mother substance use,categorical,categorical,0.017607822287048075,cramers_v,Cramer's V,Both variables are categorical. Cramer's V selected as the standard symmetric measure of nominal association.,65.95383185291593,2.661793333452695e-10,Pearson chi-square test of independence,variables are independent,Small p-values indicate evidence that the variables are not independent.,0.011904102338392617,0.020749151240923108,0.95,analytic,Noncentral chi-square pivot,106365,106365
Child ethnicity,Mother smoking,categorical,categorical,0.08062330433687478,cramers_v,Cramer's V,Both variables are categorical. Cramer's V selected as the standard symmetric measure of nominal association.,2074.1548986348384,0,Pearson chi-square test of independence,variables are independent,Small p-values indicate evidence that the variables are not independent.,0.07687499236856608,0.08382612433685728,0.95,analytic,Noncentral chi-square pivot,106365,106365
Mother age at birth,Mother education,categorical,categorical,0.22140977790323718,cramers_v,Cramer's V,Both variables are categorical. Cramer's V selected as the standard symmetric measure of nominal association.,17518.801554633832,0,Pearson chi-square test of independence,variables are independent,Small p-values indicate evidence that the variables are not independent.,0.2179846668018066,0.22454408605871234,0.95,analytic,Noncentral chi-square pivot,106365,89341
Mother age at birth,"Mother HH dependent
children",categorical,categorical,0.10808862384077679,cramers_v,Cramer's V,Both variables are categorical. Cramer's V selected as the standard symmetric measure of nominal association.,3126.0956565086885,0,Pearson chi-square test of independence,variables are independent,Small p-values indicate evidence that the variables are not independent.,0.10410583232962149,0.11169056483050052,0.95,analytic,Noncentral chi-square pivot,106365,89191
Mother age at birth,Mother HH adults,categorical,categorical,0.21415462984683917,cramers_v,Cramer's V,Both variables are categorical. Cramer's V selected as the standard symmetric measure of nominal association.,8179.707797042564,0,Pearson chi-square test of independence,variables are independent,Small p-values indicate evidence that the variables are not independent.,0.20942101863955226,0.21870490130941173,0.95,analytic,Noncentral chi-square pivot,106365,89177
Mother age at birth,Mother marital status,categorical,categorical,0.24113338471301796,cramers_v,Cramer's V,Both variables are categorical. Cramer's V selected as the standard symmetric measure of nominal association.,20779.040285224037,0,Pearson chi-square test of independence,variables are independent,Small p-values indicate evidence that the variables are not independent.,0.23767357630836058,0.24423328972967298,0.95,analytic,Noncentral chi-square pivot,106365,89341
Mother age at birth,"Mother HH deprivation
dimensions",categorical,categorical,0.11808340306776316,cramers_v,Cramer's V,Both variables are categorical. Cramer's V selected as the standard symmetric measure of nominal association.,5926.793355911285,0,Pearson chi-square test of independence,variables are independent,Small p-values indicate evidence that the variables are not independent.,0.11448022493608508,0.1205078532940765,0.95,analytic,Noncentral chi-square pivot,106365,106263
Mother age at birth,"Mother HH deprivation
count",categorical,categorical,0.13824058345201282,cramers_v,Cramer's V,Both variables are categorical. Cramer's V selected as the standard symmetric measure of nominal association.,6817.923763692088,0,Pearson chi-square test of independence,variables are independent,Small p-values indicate evidence that the variables are not independent.,0.13480520000383495,0.14137159381763562,0.95,analytic,Noncentral chi-square pivot,106365,89191
Mother age at birth,Child congenital anomalies,categorical,categorical,0.007825524874275165,cramers_v,Cramer's V,Both variables are categorical. Cramer's V selected as the standard symmetric measure of nominal association.,6.513669169575961,0.16393115007472328,Pearson chi-square test of independence,variables are independent,Small p-values indicate evidence that the variables are not independent.,0,0.01238845027588384,0.95,analytic,Noncentral chi-square pivot,106365,106365
Mother age at birth,Child preterm birth,categorical,categorical,0.01981196368032081,cramers_v,Cramer's V,Both variables are categorical. Cramer's V selected as the standard symmetric measure of nominal association.,41.74974149153487,1.8797682945119745e-8,Pearson chi-square test of independence,variables are independent,Small p-values indicate evidence that the variables are not independent.,0.012923190035215802,0.02518969265340142,0.95,analytic,Noncentral chi-square pivot,106365,106365
Mother age at birth,Child birth weight,categorical,categorical,0.041636888991532554,cramers_v,Cramer's V,Both variables are categorical. Cramer's V selected as the standard symmetric measure of nominal association.,368.7952215605315,8.776762583091634e-75,Pearson chi-square test of independence,variables are independent,Small p-values indicate evidence that the variables are not independent.,0.03696812735247039,0.045508336928558525,0.95,analytic,Noncentral chi-square pivot,106365,106365
Mother age at birth,Mother alcohol problems,categorical,categorical,0.019380015630679603,cramers_v,Cramer's V,Both variables are categorical. Cramer's V selected as the standard symmetric measure of nominal association.,79.8981982934889,5.125041831084245e-14,Pearson chi-square test of independence,variables are independent,Small p-values indicate evidence that the variables are not independent.,0.01413881877714521,0.0228469189110336,0.95,analytic,Noncentral chi-square pivot,106365,106365
Mother age at birth,"Mother learning
difficulties/disabilities",categorical,categorical,0.030290948967028154,cramers_v,Cramer's V,Both variables are categorical. Cramer's V selected as the standard symmetric measure of nominal association.,97.59431114835195,3.1979313611292065e-20,Pearson chi-square test of independence,variables are independent,Small p-values indicate evidence that the variables are not independent.,0.023755845766787926,0.035872632801218225,0.95,analytic,Noncentral chi-square pivot,106365,106365
Mother age at birth,"Mother mental health
issues",categorical,categorical,0.07121636575952932,cramers_v,Cramer's V,Both variables are categorical. Cramer's V selected as the standard symmetric measure of nominal association.,1078.9177920719092,1.3681051032843863e-227,Pearson chi-square test of independence,variables are independent,Small p-values indicate evidence that the variables are not independent.,0.06672824290709645,0.07524105790101793,0.95,analytic,Noncentral chi-square pivot,106365,106365
Mother age at birth,Mother substance use,categorical,categorical,0.027034059234216656,cramers_v,Cramer's V,Both variables are categorical. Cramer's V selected as the standard symmetric measure of nominal association.,155.47166950181233,1.413623879072979e-29,Pearson chi-square test of independence,variables are independent,Small p-values indicate evidence that the variables are not independent.,0.02211209576442714,0.03071232664904568,0.95,analytic,Noncentral chi-square pivot,106365,106365
Mother age at birth,Mother smoking,categorical,categorical,0.11871368538024264,cramers_v,Cramer's V,Both variables are categorical. Cramer's V selected as the standard symmetric measure of nominal association.,4496.986401016569,0,Pearson chi-square test of independence,variables are independent,Small p-values indicate evidence that the variables are not independent.,0.11509656084266062,0.1220401546422177,0.95,analytic,Noncentral chi-square pivot,106365,106365
Mother education,"Mother HH dependent
children",categorical,categorical,0.10436522599782763,cramers_v,Cramer's V,Both variables are categorical. Cramer's V selected as the standard symmetric measure of nominal association.,2914.4319796810414,0,Pearson chi-square test of independence,variables are independent,Small p-values indicate evidence that the variables are not independent.,0.10026566593385051,0.10785482358065868,0.95,analytic,Noncentral chi-square pivot,106365,89191
Mother education,Mother HH adults,categorical,categorical,0.22132265859759323,cramers_v,Cramer's V,Both variables are categorical. Cramer's V selected as the standard symmetric measure of nominal association.,8736.442255749693,0,Pearson chi-square test of independence,variables are independent,Small p-values indicate evidence that the variables are not independent.,0.21654084812990293,0.22582566905513335,0.95,analytic,Noncentral chi-square pivot,106365,89177
Mother education,Mother marital status,categorical,categorical,0.15423578195161275,cramers_v,Cramer's V,Both variables are categorical. Cramer's V selected as the standard symmetric measure of nominal association.,12751.824847860806,0,Pearson chi-square test of independence,variables are independent,Small p-values indicate evidence that the variables are not independent.,0.15127178299978578,0.15663071712367035,0.95,analytic,Noncentral chi-square pivot,106365,89341
Mother education,"Mother HH deprivation
dimensions",categorical,categorical,0.32750793899965597,cramers_v,Cramer's V,Both variables are categorical. Cramer's V selected as the standard symmetric measure of nominal association.,57497.07128448702,0,Pearson chi-square test of independence,variables are independent,Small p-values indicate evidence that the variables are not independent.,0.32457632955567034,0.329932388168013,0.95,analytic,Noncentral chi-square pivot,106365,89341
Mother education,"Mother HH deprivation
count",categorical,categorical,0.29972677478914206,cramers_v,Cramer's V,Both variables are categorical. Cramer's V selected as the standard symmetric measure of nominal association.,32050.300481675866,0,Pearson chi-square test of independence,variables are independent,Small p-values indicate evidence that the variables are not independent.,0.2963372282069531,0.3029011824620494,0.95,analytic,Noncentral chi-square pivot,106365,89191
Mother education,Child congenital anomalies,categorical,categorical,0.008531008562239158,cramers_v,Cramer's V,Both variables are categorical. Cramer's V selected as the standard symmetric measure of nominal association.,6.502068865438154,0.3693548832469213,Pearson chi-square test of independence,variables are independent,Small p-values indicate evidence that the variables are not independent.,0,0.012320733708574921,0.95,analytic,Noncentral chi-square pivot,106365,89341
Mother education,Child preterm birth,categorical,categorical,0.029014730624337494,cramers_v,Cramer's V,Both variables are categorical. Cramer's V selected as the standard symmetric measure of nominal association.,75.21213121133744,3.471087852941023e-14,Pearson chi-square test of independence,variables are independent,Small p-values indicate evidence that the variables are not independent.,0.021334528961447545,0.034689342965675725,0.95,analytic,Noncentral chi-square pivot,106365,89341
Mother education,Child birth weight,categorical,categorical,0.051713268905748906,cramers_v,Cramer's V,Both variables are categorical. Cramer's V selected as the standard symmetric measure of nominal association.,477.8425150108431,1.1456573117675285e-94,Pearson chi-square test of independence,variables are independent,Small p-values indicate evidence that the variables are not independent.,0.04644863045695718,0.05577675804197872,0.95,analytic,Noncentral chi-square pivot,106365,89341
Mother education,Mother alcohol problems,categorical,categorical,0.042965081503671114,cramers_v,Cramer's V,Both variables are categorical. Cramer's V selected as the standard symmetric measure of nominal association.,329.84665548576095,2.48441688779761e-63,Pearson chi-square test of independence,variables are independent,Small p-values indicate evidence that the variables are not independent.,0.03756241302980842,0.04691605258088715,0.95,analytic,Noncentral chi-square pivot,106365,89341
Mother education,"Mother learning
difficulties/disabilities",categorical,categorical,0.03203708887994689,cramers_v,Cramer's V,Both variables are categorical. Cramer's V selected as the standard symmetric measure of nominal association.,91.69737458403432,1.3450263512421963e-17,Pearson chi-square test of independence,variables are independent,Small p-values indicate evidence that the variables are not independent.,0.024481723952402317,0.03778968584862452,0.95,analytic,Noncentral chi-square pivot,106365,89341
Mother education,"Mother mental health
issues",categorical,categorical,0.11580867765371936,cramers_v,Cramer's V,Both variables are categorical. Cramer's V selected as the standard symmetric measure of nominal association.,2396.4204131199217,0,Pearson chi-square test of independence,variables are independent,Small p-values indicate evidence that the variables are not independent.,0.11090038495690546,0.1201844525062176,0.95,analytic,Noncentral chi-square pivot,106365,89341
Mother education,Mother substance use,categorical,categorical,0.07146660770271142,cramers_v,Cramer's V,Both variables are categorical. Cramer's V selected as the standard symmetric measure of nominal association.,912.6140295861942,1.122691279359168e-187,Pearson chi-square test of independence,variables are independent,Small p-values indicate evidence that the variables are not independent.,0.06638305345993184,0.07568474419413118,0.95,analytic,Noncentral chi-square pivot,106365,89341
Mother education,Mother smoking,categorical,categorical,0.19725976242318555,cramers_v,Cramer's V,Both variables are categorical. Cramer's V selected as the standard symmetric measure of nominal association.,10429.153880014468,0,Pearson chi-square test of independence,variables are independent,Small p-values indicate evidence that the variables are not independent.,0.19331151987251402,0.20088628687139035,0.95,analytic,Noncentral chi-square pivot,106365,89341
"Mother HH dependent
children",Mother HH adults,categorical,categorical,0.1341741024792771,cramers_v,Cramer's V,Both variables are categorical. Cramer's V selected as the standard symmetric measure of nominal association.,3210.8517323300275,0,Pearson chi-square test of independence,variables are independent,Small p-values indicate evidence that the variables are not independent.,0.1294267871120722,0.138712303470765,0.95,analytic,Noncentral chi-square pivot,106365,89177
"Mother HH dependent
children",Mother marital status,categorical,categorical,0.10306218988365326,cramers_v,Cramer's V,Both variables are categorical. Cramer's V selected as the standard symmetric measure of nominal association.,2842.110900610602,0,Pearson chi-square test of independence,variables are independent,Small p-values indicate evidence that the variables are not independent.,0.09884736046444757,0.10644085549936762,0.95,analytic,Noncentral chi-square pivot,106365,89191
"Mother HH dependent
children","Mother HH deprivation
dimensions",categorical,categorical,0.11612838560811992,cramers_v,Cramer's V,Both variables are categorical. Cramer's V selected as the standard symmetric measure of nominal association.,3608.43648354805,0,Pearson chi-square test of independence,variables are independent,Small p-values indicate evidence that the variables are not independent.,0.1116172062016764,0.11921861353151128,0.95,analytic,Noncentral chi-square pivot,106365,89191
"Mother HH dependent
children","Mother HH deprivation
count",categorical,categorical,0.09388435383083879,cramers_v,Cramer's V,Both variables are categorical. Cramer's V selected as the standard symmetric measure of nominal association.,2358.46117355591,0,Pearson chi-square test of independence,variables are independent,Small p-values indicate evidence that the variables are not independent.,0.08987156015755829,0.097458482529062307,0.95,analytic,Noncentral chi-square pivot,106365,89191
"Mother HH dependent
children",Child congenital anomalies,categorical,categorical,0.0033081388859743503,cramers_v,Cramer's V,Both variables are categorical. Cramer's V selected as the standard symmetric measure of nominal association.,0.9760869396434888,0.8070379383764872,Pearson chi-square test of independence,variables are independent,Small p-values indicate evidence that the variables are not independent.,0,0.007449153499238717,0.95,analytic,Noncentral chi-square pivot,106365,89191
"Mother HH dependent
children",Child preterm birth,categorical,categorical,0.04519686759902233,cramers_v,Cramer's V,Both variables are categorical. Cramer's V selected as the standard symmetric measure of nominal association.,182.19552538454224,2.960176561280226e-39,Pearson chi-square test of independence,variables are independent,Small p-values indicate evidence that the variables are not independent.,0.03836486304878117,0.051527286137496374,0.95,analytic,Noncentral chi-square pivot,106365,89191
"Mother HH dependent
children",Child birth weight,categorical,categorical,0.03996675900665975,cramers_v,Cramer's V,Both variables are categorical. Cramer's V selected as the standard symmetric measure of nominal association.,284.937029515702,1.3778898585109976e-58,Pearson chi-square test of independence,variables are independent,Small p-values indicate evidence that the variables are not independent.,0.03495124814761798,0.044274131502681655,0.95,analytic,Noncentral chi-square pivot,106365,89191
"Mother HH dependent
children",Mother alcohol problems,categorical,categorical,0.008014581133493574,cramers_v,Cramer's V,Both variables are categorical. Cramer's V selected as the standard symmetric measure of nominal association.,11.458102113777226,0.07520891032913557,Pearson chi-square test of independence,variables are independent,Small p-values indicate evidence that the variables are not independent.,0,0.011162616870069406,0.95,analytic,Noncentral chi-square pivot,106365,89191
"Mother HH dependent
children","Mother learning
difficulties/disabilities",categorical,categorical,0.012986797769088447,cramers_v,Cramer's V,Both variables are categorical. Cramer's V selected as the standard symmetric measure of nominal association.,15.042679021285243,0.0017805376331682583,Pearson chi-square test of independence,variables are independent,Small p-values indicate evidence that the variables are not independent.,0.005061419964140166,0.018830690449958044,0.95,analytic,Noncentral chi-square pivot,106365,89191
"Mother HH dependent
children","Mother mental health
issues",categorical,categorical,0.053528210526835325,cramers_v,Cramer's V,Both variables are categorical. Cramer's V selected as the standard symmetric measure of nominal association.,511.1124722336087,3.393740193026923e-107,Pearson chi-square test of independence,variables are independent,Small p-values indicate evidence that the variables are not independent.,0.04861290094911636,0.057917073131158285,0.95,analytic,Noncentral chi-square pivot,106365,89191
"Mother HH dependent
children",Mother substance use,categorical,categorical,0.008564860911977758,cramers_v,Cramer's V,Both variables are categorical. Cramer's V selected as the standard symmetric measure of nominal association.,13.08554026840402,0.04169749393897988,Pearson chi-square test of independence,variables are independent,Small p-values indicate evidence that the variables are not independent.,0,0.011802816544769563,0.95,analytic,Noncentral chi-square pivot,106365,89191
"Mother HH dependent
children",Mother smoking,categorical,categorical,0.04556360962769975,cramers_v,Cramer's V,Both variables are categorical. Cramer's V selected as the standard symmetric measure of nominal association.,555.4929258208264,7.3936154074325e-114,Pearson chi-square test of independence,variables are independent,Small p-values indicate evidence that the variables are not independent.,0.04143054677333827,0.049036343150959366,0.95,analytic,Noncentral chi-square pivot,106365,89191
Mother HH adults,Mother marital status,categorical,categorical,0.3108848745720001,cramers_v,Cramer's V,Both variables are categorical. Cramer's V selected as the standard symmetric measure of nominal association.,17237.80802175551,0,Pearson chi-square test of independence,variables are independent,Small p-values indicate evidence that the variables are not independent.,0.3061076127017936,0.31539152893927996,0.95,analytic,Noncentral chi-square pivot,106365,89177
Mother HH adults,"Mother HH deprivation
dimensions",categorical,categorical,0.34925671766701877,cramers_v,Cramer's V,Both variables are categorical. Cramer's V selected as the standard symmetric measure of nominal association.,21755.666370937837,0,Pearson chi-square test of independence,variables are independent,Small p-values indicate evidence that the variables are not independent.,0.34438135119835994,0.35366634350424925,0.95,analytic,Noncentral chi-square pivot,106365,89177
Mother HH adults,"Mother HH deprivation
count",categorical,categorical,0.23541182014628942,cramers_v,Cramer's V,Both variables are categorical. Cramer's V selected as the standard symmetric measure of nominal association.,9884.151290169691,0,Pearson chi-square test of independence,variables are independent,Small p-values indicate evidence that the variables are not independent.,0.23068666322443265,0.23997020331080304,0.95,analytic,Noncentral chi-square pivot,106365,89177
Mother HH adults,Child congenital anomalies,categorical,categorical,0.0031225738581518677,cramers_v,Cramer's V,Both variables are categorical. Cramer's V selected as the standard symmetric measure of nominal association.,0.8695174402130278,0.6474208578700555,Pearson chi-square test of independence,variables are independent,Small p-values indicate evidence that the variables are not independent.,0,0.008532042024165467,0.95,analytic,Noncentral chi-square pivot,106365,89177
Mother HH adults,Child preterm birth,categorical,categorical,0.02201465032763207,cramers_v,Cramer's V,Both variables are categorical. Cramer's V selected as the standard symmetric measure of nominal association.,43.21917192000555,4.1216969924864873e-10,Pearson chi-square test of independence,variables are independent,Small p-values indicate evidence that the variables are not independent.,0.015144420394198258,0.028353423834897622,0.95,analytic,Noncentral chi-square pivot,106365,89177
Mother HH adults,Child birth weight,categorical,categorical,0.038190967406651566,cramers_v,Cramer's V,Both variables are categorical. Cramer's V selected as the standard symmetric measure of nominal association.,260.13822517612954,4.25796900709274e-55,Pearson chi-square test of independence,variables are independent,Small p-values indicate evidence that the variables are not independent.,0.0333142532932653,0.04262344515185798,0.95,analytic,Noncentral chi-square pivot,106365,89177
Mother HH adults,Mother alcohol problems,categorical,categorical,0.031189813504233513,cramers_v,Cramer's V,Both variables are categorical. Cramer's V selected as the standard symmetric measure of nominal association.,173.50356780545417,1.8511214351035275e-36,Pearson chi-square test of independence,variables are independent,Small p-values indicate evidence that the variables are not independent.,0.026255018373554897,0.03557825033226663,0.95,analytic,Noncentral chi-square pivot,106365,89177
Mother HH adults,"Mother learning
difficulties/disabilities",categorical,categorical,0.011342510082693994,cramers_v,Cramer's V,Both variables are categorical. Cramer's V selected as the standard symmetric measure of nominal association.,11.472847111556082,0.003226286299237892,Pearson chi-square test of independence,variables are independent,Small p-values indicate evidence that the variables are not independent.,0.003945577656235121,0.017507003690463683,0.95,analytic,Noncentral chi-square pivot,106365,89177
Mother HH adults,"Mother mental health
issues",categorical,categorical,0.10308156777486871,cramers_v,Cramer's V,Both variables are categorical. Cramer's V selected as the standard symmetric measure of nominal association.,1895.1556480603067,0,Pearson chi-square test of independence,variables are independent,Small p-values indicate evidence that the variables are not independent.,0.09835709516829691,0.10764267383367193,0.95,analytic,Noncentral chi-square pivot,106365,89177
Mother HH adults,Mother substance use,categorical,categorical,0.058077984310119485,cramers_v,Cramer's V,Both variables are categorical. Cramer's V selected as the standard symmetric measure of nominal association.,601.5973630522948,6.990524909029684e-129,Pearson chi-square test of independence,variables are independent,Small p-values indicate evidence that the variables are not independent.,0.05328585846598357,0.06257942338129242,0.95,analytic,Noncentral chi-square pivot,106365,89177
Mother HH adults,Mother smoking,categorical,categorical,0.15799093469632017,cramers_v,Cramer's V,Both variables are categorical. Cramer's V selected as the standard symmetric measure of nominal association.,4451.918351374569,0,Pearson chi-square test of independence,variables are independent,Small p-values indicate evidence that the variables are not independent.,0.15325990736770093,0.16254441294225444,0.95,analytic,Noncentral chi-square pivot,106365,89177
Mother marital status,"Mother HH deprivation
dimensions",categorical,categorical,0.09777494917698422,cramers_v,Cramer's V,Both variables are categorical. Cramer's V selected as the standard symmetric measure of nominal association.,6832.757287024975,0,Pearson chi-square test of independence,variables are independent,Small p-values indicate evidence that the variables are not independent.,0.09459099723656188,0.09924819151527896,0.95,analytic,Noncentral chi-square pivot,106365,89341
Mother marital status,"Mother HH deprivation
count",categorical,categorical,0.12550966806255026,cramers_v,Cramer's V,Both variables are categorical. Cramer's V selected as the standard symmetric measure of nominal association.,5619.98797773083,0,Pearson chi-square test of independence,variables are independent,Small p-values indicate evidence that the variables are not independent.,0.1218770049079824,0.12844887918439052,0.95,analytic,Noncentral chi-square pivot,106365,89191
Mother marital status,Child congenital anomalies,categorical,categorical,0.016602379596997088,cramers_v,Cramer's V,Both variables are categorical. Cramer's V selected as the standard symmetric measure of nominal association.,24.625864638992315,0.001798385862602879,Pearson chi-square test of independence,variables are independent,Small p-values indicate evidence that the variables are not independent.,0.006392035170633522,0.02105675341875218,0.95,analytic,Noncentral chi-square pivot,106365,89341
Mother marital status,Child preterm birth,categorical,categorical,0.029642439367556513,cramers_v,Cramer's V,Both variables are categorical. Cramer's V selected as the standard symmetric measure of nominal association.,78.50163274385031,9.785355434653539e-14,Pearson chi-square test of independence,variables are independent,Small p-values indicate evidence that the variables are not independent.,0.0215382767360323,0.034982079652189725,0.95,analytic,Noncentral chi-square pivot,106365,89341
Mother marital status,Child birth weight,categorical,categorical,0.041866893423952035,cramers_v,Cramer's V,Both variables are categorical. Cramer's V selected as the standard symmetric measure of nominal association.,313.2003788388267,4.6799746350675007e-57,Pearson chi-square test of independence,variables are independent,Small p-values indicate evidence that the variables are not independent.,0.03615183036082572,0.04554208041145332,0.95,analytic,Noncentral chi-square pivot,106365,89341
Mother marital status,Mother alcohol problems,categorical,categorical,0.037993859051310114,cramers_v,Cramer's V,Both variables are categorical. Cramer's V selected as the standard symmetric measure of nominal association.,257.93342168679243,1.2173554631008189e-45,Pearson chi-square test of independence,variables are independent,Small p-values indicate evidence that the variables are not independent.,0.03215715304651492,0.04157408522481879,0.95,analytic,Noncentral chi-square pivot,106365,89341
Mother marital status,"Mother learning
difficulties/disabilities",categorical,categorical,0.022734906746110936,cramers_v,Cramer's V,Both variables are categorical. Cramer's V selected as the standard symmetric measure of nominal association.,46.178217353939324,2.19856711740182e-7,Pearson chi-square test of independence,variables are independent,Small p-values indicate evidence that the variables are not independent.,0.01399687586336107,0.027729251389912633,0.95,analytic,Noncentral chi-square pivot,106365,89341
Mother marital status,"Mother mental health
issues",categorical,categorical,0.0939801371390448,cramers_v,Cramer's V,Both variables are categorical. Cramer's V selected as the standard symmetric measure of nominal association.,1578.1669849804043,0,Pearson chi-square test of independence,variables are independent,Small p-values indicate evidence that the variables are not independent.,0.08888421414305683,0.0981798408973584,0.95,analytic,Noncentral chi-square pivot,106365,89341
Mother marital status,Mother substance use,categorical,categorical,0.04904624241176974,cramers_v,Cramer's V,Both variables are categorical. Cramer's V selected as the standard symmetric measure of nominal association.,429.82560737530144,2.0057286754360668e-81,Pearson chi-square test of independence,variables are independent,Small p-values indicate evidence that the variables are not independent.,0.04350109192418385,0.05285842459286899,0.95,analytic,Noncentral chi-square pivot,106365,89341
Mother marital status,Mother smoking,categorical,categorical,0.148371715719603,cramers_v,Cramer's V,Both variables are categorical. Cramer's V selected as the standard symmetric measure of nominal association.,5900.302820673677,0,Pearson chi-square test of independence,variables are independent,Small p-values indicate evidence that the variables are not independent.,0.1442926357934662,0.15187171961147655,0.95,analytic,Noncentral chi-square pivot,106365,89341
"Mother HH deprivation
dimensions","Mother HH deprivation
count",categorical,categorical,1,cramers_v,Cramer's V,Both variables are categorical. Cramer's V selected as the standard symmetric measure of nominal association.,356764,0,Pearson chi-square test of independence,variables are independent,Small p-values indicate evidence that the variables are not independent.,0.9966357848983953,1.0031988321648952,0.95,analytic,Noncentral chi-square pivot,106365,89191
"Mother HH deprivation
dimensions",Child congenital anomalies,categorical,categorical,0.02442584682260974,cramers_v,Cramer's V,Both variables are categorical. Cramer's V selected as the standard symmetric measure of nominal association.,63.39884284232841,6.507791126315375e-8,Pearson chi-square test of independence,variables are independent,Small p-values indicate evidence that the variables are not independent.,0.015008996427537441,0.02791112266984941,0.95,analytic,Noncentral chi-square pivot,106365,106263
"Mother HH deprivation
dimensions",Child preterm birth,categorical,categorical,0.04481210096068754,cramers_v,Cramer's V,Both variables are categorical. Cramer's V selected as the standard symmetric measure of nominal association.,213.38932232138075,3.989466832143131e-37,Pearson chi-square test of independence,variables are independent,Small p-values indicate evidence that the variables are not independent.,0.037187298402776243,0.04942433483059712,0.95,analytic,Noncentral chi-square pivot,106365,106263
"Mother HH deprivation
dimensions",Child birth weight,categorical,categorical,0.04473273248415152,cramers_v,Cramer's V,Both variables are categorical. Cramer's V selected as the standard symmetric measure of nominal association.,425.26821449470924,2.138256813054469e-71,Pearson chi-square test of independence,variables are independent,Small p-values indicate evidence that the variables are not independent.,0.03884562349226888,0.047503792702045744,0.95,analytic,Noncentral chi-square pivot,106365,106263
"Mother HH deprivation
dimensions",Mother alcohol problems,categorical,categorical,0.03401224863111456,cramers_v,Cramer's V,Both variables are categorical. Cramer's V selected as the standard symmetric measure of nominal association.,245.85710226024085,9.539993649805271e-36,Pearson chi-square test of independence,variables are independent,Small p-values indicate evidence that the variables are not independent.,0.027535525344067755,0.03632168384356921,0.95,analytic,Noncentral chi-square pivot,106365,106263
"Mother HH deprivation
dimensions","Mother learning
difficulties/disabilities",categorical,categorical,0.030426625180188877,cramers_v,Cramer's V,Both variables are categorical. Cramer's V selected as the standard symmetric measure of nominal association.,98.37610911842664,2.648121546308674e-14,Pearson chi-square test of independence,variables are independent,Small p-values indicate evidence that the variables are not independent.,0.021870525038453856,0.03440092922339204,0.95,analytic,Noncentral chi-square pivot,106365,106263
"Mother HH deprivation
dimensions","Mother mental health
issues",categorical,categorical,0.09885112408893552,cramers_v,Cramer's V,Both variables are categorical. Cramer's V selected as the standard symmetric measure of nominal association.,2076.7073160628775,0,Pearson chi-square test of independence,variables are independent,Small p-values indicate evidence that the variables are not independent.,0.093891462050201,0.10242454831713142,0.95,analytic,Noncentral chi-square pivot,106365,106263
"Mother HH deprivation
dimensions",Mother substance use,categorical,categorical,0.051000665589046305,cramers_v,Cramer's V,Both variables are categorical. Cramer's V selected as the standard symmetric measure of nominal association.,552.7945545018717,1.681662389190095e-97,Pearson chi-square test of independence,variables are independent,Small p-values indicate evidence that the variables are not independent.,0.045330799625859196,0.05395125130423842,0.95,analytic,Noncentral chi-square pivot,106365,106263
"Mother HH deprivation
dimensions",Mother smoking,categorical,categorical,0.13553430205541162,cramers_v,Cramer's V,Both variables are categorical. Cramer's V selected as the standard symmetric measure of nominal association.,5856.009529309469,0,Pearson chi-square test of independence,variables are independent,Small p-values indicate evidence that the variables are not independent.,0.1315461355651224,0.13850193663953758,0.95,analytic,Noncentral chi-square pivot,106365,106263
"Mother HH deprivation
count",Child congenital anomalies,categorical,categorical,0.019096526551951317,cramers_v,Cramer's V,Both variables are categorical. Cramer's V selected as the standard symmetric measure of nominal association.,32.5259354144277,1.493476259920767e-6,Pearson chi-square test of independence,variables are independent,Small p-values indicate evidence that the variables are not independent.,0.01139872340477264,0.02488677670551325,0.95,analytic,Noncentral chi-square pivot,106365,89191
"Mother HH deprivation
count",Child preterm birth,categorical,categorical,0.03992999529979042,cramers_v,Cramer's V,Both variables are categorical. Cramer's V selected as the standard symmetric measure of nominal association.,142.2065339572808,9.510392672757485e-30,Pearson chi-square test of independence,variables are independent,Small p-values indicate evidence that the variables are not independent.,0.032903351268645166,0.04610070513620241,0.95,analytic,Noncentral chi-square pivot,106365,89191
"Mother HH deprivation
count",Child birth weight,categorical,categorical,0.05559784159323151,cramers_v,Cramer's V,Both variables are categorical. Cramer's V selected as the standard symmetric measure of nominal association.,551.4001660251529,6.49933560465405e-114,Pearson chi-square test of independence,variables are independent,Small p-values indicate evidence that the variables are not independent.,0.05058731360339963,0.05989840120494064,0.95,analytic,Noncentral chi-square pivot,106365,89191
"Mother HH deprivation
count",Mother alcohol problems,categorical,categorical,0.043452127309195655,cramers_v,Cramer's V,Both variables are categorical. Cramer's V selected as the standard symmetric measure of nominal association.,336.80080082408864,5.932981258333261e-68,Pearson chi-square test of independence,variables are independent,Small p-values indicate evidence that the variables are not independent.,0.03833085127237681,0.04766150613531682,0.95,analytic,Noncentral chi-square pivot,106365,89191
"Mother HH deprivation
count","Mother learning
difficulties/disabilities",categorical,categorical,0.03489122262297477,cramers_v,Cramer's V,Both variables are categorical. Cramer's V selected as the standard symmetric measure of nominal association.,108.58089294169282,1.460860594591171e-22,Pearson chi-square test of independence,variables are independent,Small p-values indicate evidence that the variables are not independent.,0.027788556891971072,0.0410092650309255,0.95,analytic,Noncentral chi-square pivot,106365,89191
"Mother HH deprivation
count","Mother mental health
issues",categorical,categorical,0.10656455266335897,cramers_v,Cramer's V,Both variables are categorical. Cramer's V selected as the standard symmetric measure of nominal association.,2025.7066848966604,0,Pearson chi-square test of independence,variables are independent,Small p-values indicate evidence that the variables are not independent.,0.1017355303367429,0.11102474877172636,0.95,analytic,Noncentral chi-square pivot,106365,89191
"Mother HH deprivation
count",Mother substance use,categorical,categorical,0.07237143596381741,cramers_v,Cramer's V,Both variables are categorical. Cramer's V selected as the standard symmetric measure of nominal association.,934.2979769887601,2.253092599754225e-196,Pearson chi-square test of independence,variables are independent,Small p-values indicate evidence that the variables are not independent.,0.06745003038063432,0.07674874288214997,0.95,analytic,Noncentral chi-square pivot,106365,89191
"Mother HH deprivation
count",Mother smoking,categorical,categorical,0.15882865997181977,cramers_v,Cramer's V,Both variables are categorical. Cramer's V selected as the standard symmetric measure of nominal association.,6749.941851264431,0,Pearson chi-square test of independence,variables are independent,Small p-values indicate evidence that the variables are not independent.,0.15490859542927135,0.16248972918959192,0.95,analytic,Noncentral chi-square pivot,106365,89191
Child congenital anomalies,Child preterm birth,categorical,categorical,0.022010691440930364,cramers_v,Cramer's V,Both variables are categorical. Cramer's V selected as the standard symmetric measure of nominal association.,51.530708743294944,7.048590197428178e-13,Pearson chi-square test of independence,variables are independent,Small p-values indicate evidence that the variables are not independent.,0.016001047638643042,0.028020335075468812,0.95,analytic,Noncentral chi-square pivot,106365,106365
Child congenital anomalies,Child birth weight,categorical,categorical,0.03394093563796486,cramers_v,Cramer's V,Both variables are categorical. Cramer's V selected as the standard symmetric measure of nominal association.,122.531109165803,2.4700612006838714e-27,Pearson chi-square test of independence,variables are independent,Small p-values indicate evidence that the variables are not independent.,0.02777820735627004,0.03982270102418007,0.95,analytic,Noncentral chi-square pivot,106365,106365
Child congenital anomalies,Mother alcohol problems,categorical,categorical,0.0023944408226295754,cramers_v,Cramer's V,Both variables are categorical. Cramer's V selected as the standard symmetric measure of nominal association.,0.6098274380273222,0.7371869768672265,Pearson chi-square test of independence,variables are independent,Small p-values indicate evidence that the variables are not independent.,0,0.007158203088816639,0.95,analytic,Noncentral chi-square pivot,106365,106365
Child congenital anomalies,"Mother learning
difficulties/disabilities",categorical,categorical,0.0025011244853082675,cramers_v,Cramer's V,Both variables are categorical. Cramer's V selected as the standard symmetric measure of nominal association.,0.665379413894124,0.4146672070590828,Pearson chi-square test of independence,variables are independent,Small p-values indicate evidence that the variables are not independent.,0,0.008502069534179296,0.95,analytic,Noncentral chi-square pivot,106365,106365
Child congenital anomalies,"Mother mental health
issues",categorical,categorical,0.003307927402399027,cramers_v,Cramer's V,Both variables are categorical. Cramer's V selected as the standard symmetric measure of nominal association.,1.1638866422018244,0.558811360798001,Pearson chi-square test of independence,variables are independent,Small p-values indicate evidence that the variables are not independent.,0,0.008387673199599514,0.95,analytic,Noncentral chi-square pivot,106365,106365
Child congenital anomalies,Mother substance use,categorical,categorical,0.006511860890505989,cramers_v,Cramer's V,Both variables are categorical. Cramer's V selected as the standard symmetric measure of nominal association.,4.510336800547869,0.10485588448974595,Pearson chi-square test of independence,variables are independent,Small p-values indicate evidence that the variables are not independent.,0,0.011985548439773605,0.95,analytic,Noncentral chi-square pivot,106365,106365
Child congenital anomalies,Mother smoking,categorical,categorical,0.00572401026006542,cramers_v,Cramer's V,Both variables are categorical. Cramer's V selected as the standard symmetric measure of nominal association.,3.4849740735893513,0.322716168471478,Pearson chi-square test of independence,variables are independent,Small p-values indicate evidence that the variables are not independent.,0,0.010501631373285828,0.95,analytic,Noncentral chi-square pivot,106365,106365
Child preterm birth,Child birth weight,categorical,categorical,0.5968100934264279,cramers_v,Cramer's V,Both variables are categorical. Cramer's V selected as the standard symmetric measure of nominal association.,37885.32902223985,0,Pearson chi-square test of independence,variables are independent,Small p-values indicate evidence that the variables are not independent.,0.5907925332557092,0.6028118998247272,0.95,analytic,Noncentral chi-square pivot,106365,106365
Child preterm birth,Mother alcohol problems,categorical,categorical,0.008545104590255297,cramers_v,Cramer's V,Both variables are categorical. Cramer's V selected as the standard symmetric measure of nominal association.,7.766645987137945,0.02058231651241452,Pearson chi-square test of independence,variables are independent,Small p-values indicate evidence that the variables are not independent.,0.0010069716012098783,0.01412527686549404,0.95,analytic,Noncentral chi-square pivot,106365,106365
Child preterm birth,"Mother learning
difficulties/disabilities",categorical,categorical,0.006933563126905796,cramers_v,Cramer's V,Both variables are categorical. Cramer's V selected as the standard symmetric measure of nominal association.,5.113422667924191,0.023741439110666222,Pearson chi-square test of independence,variables are independent,Small p-values indicate evidence that the variables are not independent.,4.105873259380503e-4,0.012943207609361787,0.95,analytic,Noncentral chi-square pivot,106365,106365
Child preterm birth,"Mother mental health
issues",categorical,categorical,0.028014666194748537,cramers_v,Cramer's V,Both variables are categorical. Cramer's V selected as the standard symmetric measure of nominal association.,83.47754118786892,7.465901393157647e-19,Pearson chi-square test of independence,variables are independent,Small p-values indicate evidence that the variables are not independent.,0.02181489071092904,0.03387167828267351,0.95,analytic,Noncentral chi-square pivot,106365,106365
Child preterm birth,Mother substance use,categorical,categorical,0.019360048649664816,cramers_v,Cramer's V,Both variables are categorical. Cramer's V selected as the standard symmetric measure of nominal association.,39.86682346560002,2.2030749833026776e-9,Pearson chi-square test of independence,variables are independent,Small p-values indicate evidence that the variables are not independent.,0.013054864654913585,0.025156582063999986,0.95,analytic,Noncentral chi-square pivot,106365,106365
Child preterm birth,Mother smoking,categorical,categorical,0.03112883869123103,cramers_v,Cramer's V,Both variables are categorical. Cramer's V selected as the standard symmetric measure of nominal association.,103.0681740944229,3.401627111778607e-22,Pearson chi-square test of independence,variables are independent,Small p-values indicate evidence that the variables are not independent.,0.024780776900370234,0.03686086972946335,0.95,analytic,Noncentral chi-square pivot,106365,106365
Child birth weight,Mother alcohol problems,categorical,categorical,0.01945310461653933,cramers_v,Cramer's V,Both variables are categorical. Cramer's V selected as the standard symmetric measure of nominal association.,80.5019841889011,1.3634858652369437e-16,Pearson chi-square test of independence,variables are independent,Small p-values indicate evidence that the variables are not independent.,0.014788205697688357,0.023371726753576197,0.95,analytic,Noncentral chi-square pivot,106365,106365
Child birth weight,"Mother learning
difficulties/disabilities",categorical,categorical,0.013237591134923222,cramers_v,Cramer's V,Both variables are categorical. Cramer's V selected as the standard symmetric measure of nominal association.,18.638745163827398,8.967015343326838e-5,Pearson chi-square test of independence,variables are independent,Small p-values indicate evidence that the variables are not independent.,0.0067310989989205145,0.018950063930507133,0.95,analytic,Noncentral chi-square pivot,106365,106365
Child birth weight,"Mother mental health
issues",categorical,categorical,0.02325733069236956,cramers_v,Cramer's V,Both variables are categorical. Cramer's V selected as the standard symmetric measure of nominal association.,115.06638686263987,6.040234302154011e-24,Pearson chi-square test of independence,variables are independent,Small p-values indicate evidence that the variables are not independent.,0.018669604266720673,0.027226499650227005,0.95,analytic,Noncentral chi-square pivot,106365,106365
Child birth weight,Mother substance use,categorical,categorical,0.03133212564095878,cramers_v,Cramer's V,Both variables are categorical. Cramer's V selected as the standard symmetric measure of nominal association.,208.83748713327725,4.725346908773493e-44,Pearson chi-square test of independence,variables are independent,Small p-values indicate evidence that the variables are not independent.,0.02683954308876519,0.035369746085123395,0.95,analytic,Noncentral chi-square pivot,106365,106365
Child birth weight,Mother smoking,categorical,categorical,0.07718957594912754,cramers_v,Cramer's V,Both variables are categorical. Cramer's V selected as the standard symmetric measure of nominal association.,1267.4944030273996,1.1783115449476732e-270,Pearson chi-square test of independence,variables are independent,Small p-values indicate evidence that the variables are not independent.,0.07278332794285028,0.08129067545701524,0.95,analytic,Noncentral chi-square pivot,106365,106365
Mother alcohol problems,"Mother learning
difficulties/disabilities",categorical,categorical,0.015899086023244736,cramers_v,Cramer's V,Both variables are categorical. Cramer's V selected as the standard symmetric measure of nominal association.,26.88704429747753,1.4506161674308465e-6,Pearson chi-square test of independence,variables are independent,Small p-values indicate evidence that the variables are not independent.,0.009507521762774144,0.02165518749234663,0.95,analytic,Noncentral chi-square pivot,106365,106365
Mother alcohol problems,"Mother mental health
issues",categorical,categorical,0.06421955909968724,cramers_v,Cramer's V,Both variables are categorical. Cramer's V selected as the standard symmetric measure of nominal association.,877.3308062359428,1.358808693319358e-188,Pearson chi-square test of independence,variables are independent,Small p-values indicate evidence that the variables are not independent.,0.05985636976564265,0.06836259815810793,0.95,analytic,Noncentral chi-square pivot,106365,106365
Mother alcohol problems,Mother substance use,categorical,categorical,0.15479178832219836,cramers_v,Cramer's V,Both variables are categorical. Cramer's V selected as the standard symmetric measure of nominal association.,5097.116682525014,0,Pearson chi-square test of independence,variables are independent,Small p-values indicate evidence that the variables are not independent.,0.15049613021766853,0.15899630171211954,0.95,analytic,Noncentral chi-square pivot,106365,106365
Mother alcohol problems,Mother smoking,categorical,categorical,0.06049128090401163,cramers_v,Cramer's V,Both variables are categorical. Cramer's V selected as the standard symmetric measure of nominal association.,778.4205662642528,7.074439101966879e-165,Pearson chi-square test of independence,variables are independent,Small p-values indicate evidence that the variables are not independent.,0.05603998188889643,0.0645526707296112,0.95,analytic,Noncentral chi-square pivot,106365,106365
"Mother learning
difficulties/disabilities","Mother mental health
issues",categorical,categorical,0.023519949975957848,cramers_v,Cramer's V,Both variables are categorical. Cramer's V selected as the standard symmetric measure of nominal association.,58.839846605493435,1.6714356138864806e-13,Pearson chi-square test of independence,variables are independent,Small p-values indicate evidence that the variables are not independent.,0.017277165175281013,0.029350626067772653,0.95,analytic,Noncentral chi-square pivot,106365,106365
"Mother learning
difficulties/disabilities",Mother substance use,categorical,categorical,0.02177849074972968,cramers_v,Cramer's V,Both variables are categorical. Cramer's V selected as the standard symmetric measure of nominal association.,50.44920236028015,1.1094172115375472e-11,Pearson chi-square test of independence,variables are independent,Small p-values indicate evidence that the variables are not independent.,0.015513181197071997,0.02759631846580099,0.95,analytic,Noncentral chi-square pivot,106365,106365
"Mother learning
difficulties/disabilities",Mother smoking,categorical,categorical,0.021976899846441796,cramers_v,Cramer's V,Both variables are categorical. Cramer's V selected as the standard symmetric measure of nominal association.,51.37260665352064,4.074795584359403e-11,Pearson chi-square test of independence,variables are independent,Small p-values indicate evidence that the variables are not independent.,0.015457643763846363,0.02760461879402224,0.95,analytic,Noncentral chi-square pivot,106365,106365
"Mother mental health
issues",Mother substance use,categorical,categorical,0.0870840098790402,cramers_v,Cramer's V,Both variables are categorical. Cramer's V selected as the standard symmetric measure of nominal association.,1613.2644987288352,0,Pearson chi-square test of independence,variables are independent,Small p-values indicate evidence that the variables are not independent.,0.08275148740124841,0.09125437073852614,0.95,analytic,Noncentral chi-square pivot,106365,106365
"Mother mental health
issues",Mother smoking,categorical,categorical,0.14790259945484469,cramers_v,Cramer's V,Both variables are categorical. Cramer's V selected as the standard symmetric measure of nominal association.,4653.506812821662,0,Pearson chi-square test of independence,variables are independent,Small p-values indicate evidence that the variables are not independent.,0.14357249272219225,0.1520736986282384,0.95,analytic,Noncentral chi-square pivot,106365,106365
Mother substance use,Mother smoking,categorical,categorical,0.10496709494568009,cramers_v,Cramer's V,Both variables are categorical. Cramer's V selected as the standard symmetric measure of nominal association.,2343.8785029686837,0,Pearson chi-square test of independence,variables are independent,Small p-values indicate evidence that the variables are not independent.,0.10060327434633784,0.10910673957271969,0.95,analytic,Noncentral chi-square pivot,106365,106365
